task,norm_gtr,norm_gval,align,IP,Ltr0,LtrK,Lval0,LvalK,I_tr,I_val,G,drift,seed,L,n
0,0.13723599279555887,0.3469266287122246,-0.9183318048602344,-0.043722530553999675,0.19233821606923845,0.0910479967607202,-0.4593447411511314,-0.2230025593121679,0.10129021930851825,-0.2363421818389635,-0.3140505560728881,0.7009710971007185,0,3,6
1,0.17565554536561187,0.14842528854270326,0.05483939938350832,0.0014297577401671193,0.07951513688648557,-0.029930623710126843,0.12160537094618916,0.12712718249665686,0.1094457605966124,-0.005521811550467701,0.1570578062067837,0.7204978986606573,0,3,6
2,0.1415353072643495,0.1779599568868977,0.8617273579409653,0.0217048588042619,-0.39414758012488726,-0.43912240030558186,-0.05045820937513752,-0.12871065762312453,0.0449748201806946,0.07825244824798701,0.3104117426824573,0.4612561797611097,0,3,6
3,0.31922113322924217,0.054580299039316806,0.16902818937799252,0.002945009398758654,-0.03774102211351472,-0.4700797039379816,0.06066431622226379,0.03480602277633221,0.4323386818244669,0.025858293445931574,0.5048857267143139,1.3952508940157031,0,3,6
4,0.07914161545511567,0.6595265593492557,0.4091956921618606,0.02135837726062423,0.11803901870094687,0.06858326358768477,0.2617296878135123,0.1433586099864127,0.0494557551132621,0.1183710778270996,0.07477534639872793,0.48318498842317653,0,3,6
5,0.18142508999970083,0.43388403371063455,0.5980995496337247,0.047080871312802135,0.14584459959962723,-0.07290892307071146,0.18255950789044756,-0.01518608389586628,0.2187535226703387,0.19774559178631385,0.057722839174845185,1.0052604569907053,0,3,6
6,0.16933275032083564,0.37885399988498697,0.6735792248640529,0.04321171697484009,0.10068889340879839,-0.26624458034316767,-0.15084471407220496,-0.14151816688582905,0.36693347375196605,-0.009326547186375905,0.12472641345733862,1.2775498499115674,0,3,6
7,0.26564818284223074,0.16002584496072267,-0.4907819459743505,-0.02086342268451545,0.4022226867350154,0.0657028738212914,0.14528908647835845,0.09715662940895692,0.33651981291372396,0.04813245706940153,0.03145375558766551,1.255147277869534,0,3,6
8,0.27301318900659577,0.21592962357545237,0.47562276308916335,0.028038739590737688,-0.298244353098959,-0.4313246342160726,-0.5959383662684623,-0.671897980743085,0.13308028111711356,0.07595961447462274,-0.24057334652701245,0.7552332632126688,0,3,6
9,0.2376061830005219,0.408459916817471,-0.2033707834468419,-0.01973766365217263,0.039484266118695294,-0.20147540455777022,0.043254790374214314,0.14410678548718292,0.2409596706764655,-0.1008519951129686,0.34558219004495316,1.069428586500543,0,3,6
10,0.19674005434410816,0.3445025992746507,-0.11852314610342402,-0.008033197806304645,-0.29386584357671536,-0.42991226104046,0.3692784405142965,0.29704206782355025,0.13604641746374463,0.07223637269074623,0.7269543288640102,0.8057043590101141,0,3,6
11,0.17387163945630146,0.7200145719471184,0.044009066212986524,0.005509500018740242,-0.04053134044940168,-0.15282305249248215,-0.15934325401585941,-0.20682006448309692,0.11229171204308047,0.04747681046723751,-0.05399701199061477,0.7206803849577156,0,3,6
12,0.12140086377593279,0.18974029251654764,0.8953001940013936,0.020622913546496053,0.008326280346021304,-0.053538211724997425,-0.07532467580586445,-0.15742316799545747,0.061864492071018726,0.08209849218959302,-0.10388495627046004,0.5472722723110468,0,3,6
13,0.16226089480095637,0.2949930425803993,0.389732557624423,0.018654874316534842,-0.2570926596846104,-0.3322926742576938,-0.26671376310554956,-0.3168583048526113,0.0752000145730834,0.05014454174706173,0.015434369405082526,0.6018461788508808,0,3,6
14,0.17486504058170535,0.33605107992549993,-0.5971689495508052,-0.035091788761445544,-0.07584642055472834,-0.3360241548466257,0.04901995609766065,0.2690962991338142,0.26017773429189733,-0.2200763430361536,0.6051204539804399,1.1122978160509223,0,3,6
15,0.1603698039158106,0.2369587377098714,-0.8831345567974827,-0.03356001952165801,-0.017229487892145876,-0.1007352568511058,-0.2523206916906572,-0.11286736865440532,0.08350576895895993,-0.13945332303625185,-0.012132111803299511,0.6362173573896227,0,3,6
16,0.18710538763394524,0.22056195324054428,-0.364621031754174,-0.015047300975269132,0.09663176736004112,-0.07160464982453217,0.04285832441939774,0.03839018723571308,0.16823641718457327,0.004468137183684662,0.10999483706024525,0.9157771553001981,0,3,6
17,0.20324047330320755,0.4148929199381185,0.8807431727832014,0.07426693599160175,0.08492721282308469,-0.2374673150556258,-0.21902328382685576,-0.6247296022885575,0.3223945278787105,0.4057063184617017,-0.38726228723293166,1.2428859192736625,0,3,6
18,0.10646164776999484,0.2102749043509589,-0.6818107112507357,-0.015263159672660908,0.07096631653680045,-0.021575653261815767,0.10550997199444559,0.1766521856672272,0.09254196979861622,-0.07114221367278162,0.19822783892904297,0.6582512162428825,0,3,6
19,0.1817329799830265,0.06857019691659719,0.1155408038087334,0.001439807824118923,0.10887393550377744,-0.06995270398851865,-0.29234879400901265,-0.2881650706689639,0.1788266394922961,-0.0041837233400487395,-0.21821236668044525,0.933990921994028,0,3,6
20,0.24593955041598795,0.2079647028330286,-0.009226967618889722,-0.00047192936469833224,0.05563229063037356,-0.3608540593969469,0.06438302021150032,0.2216159747072955,0.4164863500273205,-0.15723295449579516,0.5824700341042424,1.3963859757731099,0,3,6
21,0.20733419666791608,0.29191112595827257,0.3077927051939332,0.01862858677362169,-0.3938711010233207,-0.483351652780796,0.21296402457091307,0.13707002774782936,0.08948055175747532,0.0758939968230837,0.6204216805286253,0.6355059233988697,0,3,6
22,0.07381682371824586,0.1212661946417018,-0.35787653715557466,-0.003203526566161383,-0.09609400012022948,-0.13280890792716343,0.10174006208579486,0.09662405046274086,0.036714907806933955,0.005116011623054001,0.2294329583899043,0.4126538214690151,0,3,6
23,0.18022031544146433,0.07351284738555347,0.012811743893280625,0.00016973649844423367,0.14910500928893602,-0.020250209118992696,-0.16701411411775074,-0.14737479686566085,0.16935521840792872,-0.019639317252089894,-0.12712458774666816,0.9069602111893951,0,3,6
24,0.15493644175780086,0.332271296767777,-0.8719129518916056,-0.0448868917519746,-0.02895997611621247,-0.17514895020611282,0.022726269269627675,0.16015730884764146,0.14618897408990034,-0.13743103957801378,0.3353062590537543,0.8343206140627137,0,3,6
25,0.2612161744979153,0.24651191720296098,0.3981873244951745,0.02564043655948347,-0.007958418393207193,-0.25821661717324423,-0.30922718592047493,-0.3216712851200785,0.250258198780037,0.012444099199603542,-0.06345466794683424,1.0971204045515177,0,3,6
26,0.16559797848967855,0.2327822849451724,-0.23566640020710042,-0.009084533395541853,-0.08339389887083358,-0.2440873751254895,0.0013690695702275255,-0.014555448641181426,0.1606934762546559,0.01592451821140895,0.2295319264843081,0.87357412946622,0,3,6
27,0.2112189347383748,0.3971726130381129,0.4949789943182036,0.04152397406086871,-0.3496457416110906,-0.43287113336605265,0.028311702107545758,-0.06031948116500233,0.08322539175496207,0.0886311832725481,0.3725516522010503,0.613223757342801,0,3,6
28,0.16340282720624852,0.29126472430121686,0.7716338479660819,0.036724739660068895,-0.12844331087749444,-0.26112973468065215,-0.2520866966728298,-0.29985648682503,0.1326864238031577,0.04776979015220023,-0.038726752144377874,0.799199807694003,0,3,6
29,0.32628920163939235,0.20639057787447676,0.1606043546417873,0.01081558176573266,0.0008804080155842553,-0.28862233861562026,0.29652338001639433,0.12780549566168076,0.2895027466312045,0.16871788435471358,0.416427834277301,1.1459066088980432,0,3,6
30,0.14012702106449532,0.2670579249017794,0.405019732120089,0.015156661160620484,0.08191755934002923,-0.14797119658265304,-0.3565934488539454,-0.3792093627822303,0.22988875592268226,0.02261591392828488,-0.23123816619957724,1.0124275061812869,0,3,6
31,0.13857003956971456,0.3519863953612897,-0.6410149089213822,-0.03126535393718336,-0.017950905852080493,-0.10635442474442057,0.37750415115641245,0.4819766777008107,0.08840351889234008,-0.10447252654439826,0.5883311024452312,0.6521042654361237,0,3,6
32,0.29925934645041047,0.18533106972690472,0.03310245456442968,0.001835930149180416,0.07778253358834408,-0.24178339872711713,0.09625930929669689,0.2954851749464351,0.3195659323154612,-0.1992258656497382,0.5372685736735523,1.2090365222953898,0,3,6
33,0.2651565656011002,0.4100711866423634,-0.3341419261055786,-0.03633227660650516,-0.07645274625513526,-0.3051606143415176,-0.07836664895324091,0.0535184024879984,0.22870786808638233,-0.1318850514412393,0.358679016829516,1.0281258195524796,0,3,6
34,0.31201477258110033,0.4106477585424996,-0.1671539324563999,-0.021417126971239472,0.2536132023471602,-0.1933331137053837,0.011299002426920148,0.016208855888492357,0.4469463160525439,-0.00490985346157221,0.20954196959387605,1.4622059129119487,0,3,6
35,0.16527853608293125,0.5006785907072633,-0.2949446030670852,-0.024407086058334918,0.09579949132813952,-0.045662428251217746,0.0623771746628822,0.13824748534240283,0.14146191957935728,-0.07587031067952063,0.18390991359362058,0.8267900872810382,0,3,6
36,0.3337293050168582,0.057676668364772594,-0.21448000130056522,-0.0041283956664689035,0.15027452464579472,-0.24401172025295995,-0.19856310178493766,-0.12783861138514901,0.39428624489875463,-0.07072449039978865,0.11617310886781093,1.3382788403877721,0,3,6
37,0.19368995141923728,0.31254040587791426,-0.8750940072943191,-0.05297463484671703,-0.11011074805719198,-0.24260704228546,-0.03829103991352756,0.15902591081372464,0.13249629422826803,-0.1973169507272522,0.4016329530991847,0.7953028617653446,0,3,6
38,0.12222674143681225,0.2440255453982046,0.7823386321481908,0.023334381936648455,-0.09784405930658573,-0.14212926324670583,0.18928474142748783,0.11498443830265449,0.0442852039401201,0.07430030312483334,0.2571137015493603,0.46657595497916676,0,3,6
39,0.24862171468335628,0.4468822584877906,0.2855568116127095,0.031726684859623995,0.11644852483549939,-0.18838730317355984,-0.019706848912154018,-0.17813973327819535,0.30483582800905923,0.15843288436604133,0.010247569895364489,1.2253132179610826,0,3,6
40,0.2166741928028388,0.19154860088802014,-0.03993702964840777,-0.0016575320404895583,0.006848488262067542,-0.12687420076779463,0.5504534578048763,0.5072731865577325,0.13372268902986217,0.04318027124714385,0.6341473873255271,0.7840348834330219,0,3,6
41,0.16254708235852378,0.40184361563186394,-0.48776082599793896,-0.03185980906645937,0.15131396637098712,0.05397318974554616,-0.007873076519131446,0.11597652221661182,0.09734077662544097,-0.12384959873574328,0.06200333247106567,0.6744380354167946,0,3,6
42,0.12067747036499685,0.19495415757331083,0.8589503861624119,0.020208160314631123,0.089203266887891,-0.06643746781514609,0.2862942288228135,0.16846581254165385,0.15564073470303708,0.11782841628115967,0.23490328035679994,0.8555920112249629,0,3,6
43,0.2262977398572548,0.2630972783990563,0.5784894408427563,0.0344422891356211,0.28451723664055656,0.021401663949270514,0.32306330663077165,0.05982635417435621,0.26311557269128605,0.26323695245641543,0.0384246902250857,1.1271669176890977,0,3,6
44,0.14945429855483916,0.3980154452242864,0.4189395551431236,0.024920669366899746,0.17341597091381505,-0.029309111311796324,-0.06993849393572535,-0.2827879635087809,0.20272508222561136,0.21284946957305553,-0.25347885219698457,0.9700781291038744,0,3,6
45,0.21432808668463812,0.32787467377152485,-0.1829349345181464,-0.012855341194391908,0.10755107232831888,-0.15488945498730353,0.12284266764960433,0.18543382686957455,0.2624405273156224,-0.06259115921997022,0.3403232818568781,1.112887541021503,0,3,6
46,0.1769685176477912,0.2432238605127376,-0.19053128048152485,-0.008201031437517443,0.37875606622310143,0.10243315881591611,-0.15983696476088785,-0.11346711225475739,0.27632290740718535,-0.04636985250613046,-0.2159002710706735,1.1248079190234304,0,3,6
47,0.25842813536719855,0.09871644702761873,-0.0902161552370924,-0.002301514019642588,0.09215098609594233,-0.30187195035533076,0.40730773480310145,0.3917066239049925,0.39402293645127306,0.01560111089810895,0.6935785742603233,1.3611235482991109,0,3,6
48,0.27867834941911684,0.13788983891577605,0.16216653894918576,0.006231559436799348,0.17957780986184654,-0.15160918021337397,0.05467139608937176,0.05557059061716502,0.3311869900752205,-0.0008991945277932595,0.20717977083053898,1.2521124756320594,0,3,6
49,0.17270764499568075,0.34257271542167833,0.7623764908949449,0.04510594936951879,-0.10470584970877388,-0.19861755746083185,0.2086049597592531,0.07276303072355952,0.09391170775205797,0.1358419290356936,0.27138058818439137,0.661696244895711,0,3,6
0,0.16285846551145616,0.25111340768124896,-0.6642707025437534,-0.027165977614365223,-0.16349133888126843,-0.33890813849823076,0.29866675945863813,0.3090876623185011,0.17541679961696233,-0.010420902859862968,0.6479958008167319,0.9079667844933227,1,3,6
1,0.12535996229127788,0.2756578975361882,0.8072898579585907,0.02789708262383353,0.19901179215217446,-0.008176992490931397,0.02606646548429506,-0.07540805253459229,0.20718878464310586,0.10147451801888735,-0.06723106004366089,0.9634143997651372,1,3,6
2,0.2640377872618664,0.2049202164172352,0.15921473655170337,0.008614580882773112,-0.046349147978398716,-0.29114689949692035,-0.4651323590658185,-0.3542276339159887,0.24479775151852162,-0.1109047251498298,-0.06308073441906836,1.0804882738400776,1,3,6
3,0.20550016091394763,0.19567392930591793,0.5017961552633353,0.02017773722184339,-0.1774136738823522,-0.3448777383542102,0.23715732608530157,0.07559230030684386,0.167464064471858,0.16156502577845772,0.42047003866105404,0.908146936683274,1,3,6
4,0.3060444799126454,0.18096100672474116,0.32149532510457374,0.01780509177018846,0.1733482347316236,-0.10247734294216784,0.10888884355512328,-0.14871542245787697,0.27582557767379146,0.25760426601300024,-0.04623807951570913,1.129662162568814,1,3,6
5,0.12286493854464024,0.25926956052337197,0.7051967616837259,0.02246414059795122,-0.10183518724712434,-0.19569949713002,0.31621595931199503,0.1838273312411025,0.09386430988289565,0.13238862807089252,0.3795268283711225,0.664624751982434,1,3,6
6,0.16736075311180468,0.4290799809049646,-0.8861387128378335,-0.06363463892024705,-0.021388402805131827,-0.2079055178831786,-0.08475975915173453,0.18158726717819465,0.18651711507804677,-0.2663470263299292,0.38949278506137325,0.9467212730804,1,3,6
7,0.31043036229424875,0.14191898480585588,0.5790561434553281,0.025510875376491472,-0.2857869868122555,-0.5589807094989356,0.019431158082915304,0.16057104914670706,0.27319372268668013,-0.14113989106379177,0.7195517586456427,1.1075414707113853,1,3,6
8,0.122555835866872,0.41750542975515514,0.3370273791174193,0.017244924900119914,0.03547639886783469,-0.18722171978114588,-0.21782630375498033,-0.27016234970573305,0.22269811864898056,0.052336045950752724,-0.08294062992458717,0.9971223611357424,1,3,6
9,0.2441862331546384,0.2653490873996643,0.4384628585067578,0.0284100229550193,0.22653236046138644,-0.03952474660625211,-0.09659897719744676,-0.1284941500366751,0.2660571070676386,0.03189517283922835,-0.088969403430423,1.1241917562899695,1,3,6
10,0.1601605435809724,0.21781992585223206,-0.7054795315970166,-0.024611470212647438,0.11476719074243942,-0.11629218253922469,0.31830939446166223,0.40726980062359774,0.2310593732816641,-0.08896040616193551,0.5235619831628224,1.019457689537613,1,3,6
11,0.1850972627716905,0.26993523985601814,0.15927650344659186,0.007958134863625833,0.0014202124750400062,-0.22227690838787256,0.159576366669614,-0.059125786495518584,0.22369712086291257,0.21870215316513258,0.16315112189235398,1.0394268944496243,1,3,6
12,0.14295325207824766,0.34198341434724355,-0.9263746187749421,-0.04528827001443729,-0.09807257793073298,-0.3082628077623161,-0.26419856478951964,0.03388379842401799,0.21019022983158314,-0.29808236321353765,0.34214660618633413,0.9886571927052279,1,3,6
13,0.3101592286109654,0.2557261391648123,0.473133932246337,0.03752700678013421,0.0028752738037390625,-0.3447031656552718,0.13676113738905932,-0.07207221108315183,0.3475784394590109,0.20883334847221113,0.27263095457212,1.277240820187773,1,3,6
14,0.16010011227062992,0.24670229974083244,0.9010504060204569,0.03558884725313385,-0.06036933405821471,-0.1303869294388769,-0.10124881018912882,-0.21669955766891416,0.07001759538066218,0.11545074747978534,-0.08631262823003727,0.5760282641074038,1,3,6
15,0.23041398013686842,0.28144057700381325,0.4487661653743531,0.02910151806902659,0.47885235066923715,0.15115148910567133,-0.23407653417817692,-0.16692081736088238,0.3277008615635658,-0.06715571681729454,-0.3180723064665537,1.2611125065385775,1,3,6
16,0.08828546524005847,0.5571131876586395,0.47699122837405983,0.023460812119344514,0.024399061596142167,-0.008568853698828767,0.15104577695685917,0.03346028699479847,0.03296791529497094,0.1175854899620607,0.04202914069362724,0.4000204453009078,1,3,6
17,0.17055173468839488,0.48127006720571675,-0.9325522941675181,-0.07654523967131205,-0.006741900422227396,-0.10746617844181477,0.21738240805560682,0.4205921979759053,0.10072427801958737,-0.20320978992029848,0.52805837641772,0.681604324364216,1,3,6
18,0.14364176465821696,0.13637171622024538,-0.7397813339535776,-0.014491335357944673,0.011716866511945643,-0.08350203513407767,-0.0159992401609299,0.024562335844575775,0.09521890164602331,-0.040561576005505674,0.10806437097865344,0.6774034821925937,1,3,6
19,0.08918309085788864,0.24187107821034795,0.7007159952976479,0.015115011839522975,0.25216280015964415,0.16071028920168956,-0.03887781499902637,-0.11028990203748773,0.09145251095795459,0.07141208703846136,-0.2710001912391773,0.6418172851179366,1,3,6
20,0.07037160081367301,0.11084360177840798,0.634403952018896,0.004948504159342733,-0.26250115464614354,-0.2732229317422367,-0.5287757650820042,-0.5362048029222417,0.010721777096093177,0.007429037840237518,-0.262981871180005,0.22607670712938746,1,3,6
21,0.18552795529847962,0.12450388514325952,-0.11153558203579668,-0.002576354970673838,0.13320185608862897,-0.10919480235377203,-0.19172945233404234,-0.19363980924485125,0.242396658442401,0.0019103569108089025,-0.08444500689107921,1.0796249678048804,1,3,6
22,0.23606610285493818,0.29364207111321006,0.18901226842678465,0.013102129973740545,-0.2233957686028869,-0.48583820106482456,0.24714023320143644,0.1274395316487948,0.26244243246193766,0.11970070155264165,0.6132777327136194,1.105006272792438,1,3,6
23,0.22465803240767324,0.4535375102232395,-0.9257067690516637,-0.09432104461525138,-0.1500606597517712,-0.3601364323927145,-0.15540299284250508,0.17248253439747727,0.21007577264094326,-0.3278855272399823,0.5326189667901917,1.0108322812167534,1,3,6
24,0.21151826962324854,0.38001287596397376,0.5526698279989222,0.044423416159869535,0.30954156347542383,0.008158496553975311,0.022025723855239474,-0.20631720097306575,0.3013830669214485,0.2283429248283052,-0.21447569752704104,1.1904003535392078,1,3,6
25,0.1392007991056697,0.39525954213886727,-0.5309425272932751,-0.029212693653802965,0.2302417340532082,0.03619354358617036,-0.011758922484744243,0.18710467004850562,0.19404819046703783,-0.19886359253324987,0.15091112646233526,0.9560000385175984,1,3,6
26,0.15608450909199656,0.3195654955415101,0.17687870941126482,0.008822572678114406,-0.2461722384248479,-0.34694024071464563,0.054586186018070804,0.08501225958076541,0.10076800228979774,-0.03042607356269461,0.43195250029541105,0.7037178625949487,1,3,6
27,0.17832350927711066,0.31093664507731894,0.13331625201089203,0.007392028048294489,0.20158068251766986,0.04900333197015294,-0.6195641619330476,-0.5755124385407001,0.15257735054751692,-0.04405172339234753,-0.624515770510853,0.8531055521385972,1,3,6
28,0.17348056310026788,0.36483493197797856,-0.8674183474757976,-0.054900442054891925,-0.03927374637240779,-0.16152309336628834,0.021492052073737992,0.20659177143465277,0.12224934699388054,-0.18509971936091477,0.36811486480094113,0.7488375003235257,1,3,6
29,0.15474356656653887,0.35190115004069983,0.46952630602772755,0.025567791607462458,-0.22318987812690022,-0.30420384553444463,0.15813738779721592,0.08731175179394433,0.08101396740754441,0.07082563600327159,0.391515597328389,0.6224997305779908,1,3,6
30,0.2218672028515418,0.20127414801500504,-0.6481248070452289,-0.02894274708263234,-0.029707695751884186,-0.17195657797026226,0.30380492450569213,0.33418145066971416,0.14224888221837806,-0.030376526164022033,0.5061380286399764,0.8169782889580083,1,3,6
31,0.2479518406047084,0.2716532849625799,0.24323203666081997,0.016383363756694577,-0.02386921602680925,-0.23159467290902197,0.03338704528820185,-0.10997083296755505,0.20772545688221272,0.1433578782557569,0.12162383994146692,0.9872643343906937,1,3,6
32,0.31852231036627116,0.27273410219901917,-0.14593065877479922,-0.012677273063094643,0.22169114125655676,-0.11317746262251945,-0.10217332838038387,-0.02455093277709723,0.3348686038790762,-0.07762239560328664,0.08862652984542221,1.2210352933724324,1,3,6
33,0.26494769133189977,0.2952623597878007,-0.14033231652926387,-0.010978068095358312,0.027974573342818027,-0.15465233057477523,0.05800252164098543,-0.06437337451550756,0.18262690391759326,0.122375896156493,0.09027895605926767,0.9153935785448897,1,3,6
34,0.1511937144982232,0.3345056934938061,0.24563747945163522,0.012423154412624787,-0.39781299276289767,-0.4519909634982272,0.09452773531385311,0.06287077182351984,0.05417797073532954,0.03165696349033327,0.5148617353217471,0.5093804665506433,1,3,6
35,0.1896739506711232,0.49604729139949133,-0.16314189620335545,-0.015349572288635868,0.17251114828157005,-0.03346527379367929,-0.4042027787057503,-0.31253911909700843,0.20597642207524935,-0.09166365960874184,-0.2790738453033291,0.988165797902366,1,3,6
36,0.1757044641601907,0.37581902351112423,-0.5343124181692465,-0.03528229473262916,0.07716989583786735,-0.051582693670904116,-0.21648523957234977,-0.0020966766610665544,0.12875258950877147,-0.21438856291128322,0.04948601700983756,0.7970722481896952,1,3,6
37,0.2636851112388499,0.31906438530225245,0.6592090240446349,0.05546092162765727,0.30558439576609137,-0.2741910322807133,0.45667061904233924,0.1495319820687961,0.5797754280468046,0.30713863697354316,0.4237230143495094,1.6407365845083826,1,3,6
38,0.36153282485636995,0.1538549425369833,0.17709896488660803,0.009850884107304945,-0.11703604022189175,-0.46562657087372394,-0.7551682387156364,-0.6116588115989263,0.3485905306518322,-0.1435094271167101,-0.14603224072520238,1.2422085274794352,1,3,6
39,0.23754609313772443,0.07027708841965494,-0.3430790734325354,-0.005727378448037681,-0.08138801213659175,-0.36287635739458096,0.19815169380311418,0.2819533799649499,0.2814883452579892,-0.08380168616183573,0.6448297373595309,1.1528660505397914,1,3,6
40,0.255624583592204,0.2474776264901062,-0.4604134796755101,-0.029126385289926844,-0.08407352014321284,-0.26251608752308264,-0.3984573094689216,-0.20469144098482386,0.1784425673798698,-0.19376586848409774,0.05782464653825878,0.9197595643042928,1,3,6
41,0.2559986788411284,0.2940098682780099,0.16752467660687642,0.01260893540200336,0.12476226409269703,-0.21351766641302294,0.05550124814571329,-0.17905166525948293,0.33827993050572,0.23455291340519624,0.03446600115354001,1.2628941835767757,1,3,6
42,0.1878270665795752,0.30036374172237423,0.714058357744777,0.04028463086364598,0.07824420719765757,-0.0548750150480613,0.12806695181965522,-0.017953346524983677,0.13311922224571887,0.1460202983446389,0.03692166852307762,0.794255899076621,1,3,6
43,0.17764772822360536,0.06576497184824615,-0.39308743217851594,-0.004592439623246635,-0.11776059391245608,-0.22484413987606425,-0.26955746660097557,-0.2120487709020551,0.10708354596360817,-0.057508695698920476,0.012795368974009153,0.7229287850296109,1,3,6
44,0.28446873509770604,0.19263284203064432,-0.2850651804112653,-0.015621007717098564,0.08545070753932728,-0.10064813236166358,-0.06342482660850268,-0.0938793638872337,0.18609883990099085,0.030454537278731014,0.006768768474429879,0.9057396327215341,1,3,6
45,0.26353609588442595,0.2912572905608106,-0.48735553887411376,-0.03740785613539853,-0.047280744980236204,-0.3353051894922142,-0.24703369268341469,-0.10309530438267074,0.288024444511978,-0.14393838830074396,0.2322098851095435,1.182260820327879,1,3,6
46,0.21921197916423873,0.15719037483005235,0.23518863120139338,0.00810413295185739,0.07395929631955896,-0.13844940449347645,-0.12404512697680947,-0.09200932075307619,0.21240870081303542,-0.03203580622373328,0.04644008374040026,1.0213007733628898,1,3,6
47,0.20107115761010388,0.20019494653199613,-0.37927613994140874,-0.01526716541587221,0.27931994543750516,0.04250385600976832,-0.08034949296821843,0.0011936870674133238,0.23681608942773685,-0.08154318003563175,-0.041310168942354994,1.0742913780174677,1,3,6
48,0.1188161906067725,0.27931880242440854,-0.04918903708203471,-0.0016324658936973978,-0.18031890464095982,-0.2364775256547606,-0.10899924302844814,-0.06801151556569195,0.056158621013800786,-0.040987727462756196,0.16846601008906864,0.5221932920305296,1,3,6
49,0.20355160822070265,0.327454170524535,-0.21792229087164297,-0.01452535380979904,-0.4337243193356798,-0.5358984499595466,0.19090722649857986,0.2286763210013795,0.10217413062386682,-0.03776909450279964,0.7645747709609261,0.694285653631916,1,3,6
0,0.14611601051357187,0.2744875080157693,0.9216502461600222,0.0369646444936067,0.13207621845192247,-0.023876750982707546,0.21437542238638327,-0.011713142741803712,0.15595296943463002,0.22608856512818698,0.012163608240903834,0.8521176962153604,2,3,6
1,0.16725822052317113,0.3255364136786371,0.16386796787274352,0.008922388197918176,0.30112214386211744,0.04930581459930613,0.2255161348876744,0.13624828633375916,0.25181632926281133,0.08926784855391526,0.08694247173445302,1.063351455238621,2,3,6
2,0.10370937177745478,0.5204223961217502,0.15082992283715174,0.008140695123621351,0.007420328266826606,-0.09042844341353415,0.5293351591993731,0.4619288415605218,0.09784877168036075,0.06740631763885135,0.5523572849740559,0.6656632054923467,2,3,6
3,0.177006935389732,0.3046733154169847,-0.04659313286401985,-0.002512734567568957,-0.1969802519567364,-0.3259400190822105,-0.04734626416997825,-0.09952031463876126,0.12895976712547408,0.05217405046878301,0.22641970444344922,0.7786672909735959,2,3,6
4,0.2596066140401351,0.08562375238889786,0.1062825340516133,0.0023625005045738983,-0.018242232743765803,-0.23833762552464638,0.03751797719872635,-0.001107475461153468,0.22009539278088058,0.038625452659879815,0.2372301500634929,1.0218934593330813,2,3,6
5,0.2806076542648854,0.18305536705053999,0.49935873987713736,0.02565042913414981,0.05033570227227376,-0.34886540318349174,0.04579251976985638,-0.005037448140827194,0.3992011054557655,0.050829967910683574,0.34382795504266456,1.3615100003310192,2,3,6
6,0.2077801935794238,0.37487548252829417,0.252008018516139,0.01962933305848921,0.03940007996122973,-0.1750350756898489,0.08045125539290267,0.11678370739882081,0.21443515565107865,-0.03633245200591814,0.2918187830886697,0.9826441560463093,2,3,6
7,0.22247106969668357,0.07305339346123585,-0.3383344933783272,-0.005498702382399914,-0.13683468238099586,-0.27558040388210175,0.3179131304227096,0.2777477393732086,0.1387457215011059,0.040165391049500954,0.5533281432553103,0.8101860680024662,2,3,6
8,0.20354236893456826,0.34100860352552387,-0.8302936538903363,-0.057630432588717986,0.3010887237891404,0.0328198761216559,0.11804215547090859,0.2878281855174851,0.26826884766748454,-0.16978603004657655,0.25500830939582925,1.1151414431353217,2,3,6
9,0.18091819262451944,0.19107988502700288,0.7178389158180939,0.024815567453845416,-0.044265065079530874,-0.17802549693390043,0.2756897864213434,0.13124964220566784,0.13376043185436956,0.14444014421567555,0.3092751391395683,0.7835357380528216,2,3,6
10,0.14593985792764502,0.47497384167474416,-0.2791254610255573,-0.019348311236631163,0.28419058783424916,0.11648168213036995,0.21408932382760737,0.13921274033278547,0.1677089057038792,0.0748765834948219,0.022731058202415513,0.8463562779407896,2,3,6
11,0.18030975941061336,0.23138405752659963,0.584313880808515,0.024378044746149543,0.01598616144075765,-0.10533221026842587,-0.0374489996223881,-0.1384706820677225,0.12131837170918353,0.10102168244533441,-0.03313847179929663,0.7543971278232829,2,3,6
12,0.1953294732186889,0.383156884999493,-0.520042122706215,-0.03892090544419695,-0.21776152778067798,-0.3935561172669103,0.1434473145336611,0.34874659394481156,0.17579458948623233,-0.20529927941115045,0.7423027112117219,0.9318022073338426,2,3,6
13,0.20624558386172892,0.33727139236978315,0.7070193791980358,0.0491807878453528,0.4365304935029184,0.13440585355718362,0.28720377199484015,0.0582776040541644,0.3021246399457348,0.22892616794067575,-0.07612824950301922,1.1591191430905312,2,3,6
14,0.2591156042757234,0.13455780788536667,-0.4399623391211467,-0.015339739102857417,0.13581361163342884,-0.22840038972302454,0.30104209474688537,0.36043929132833985,0.3642140013564534,-0.05939719658145448,0.5888396810513644,1.2904178123336092,2,3,6
15,0.1893282514415304,0.38011871718956686,0.6241624418683666,0.044919230817384824,-0.06987633588012082,-0.1875714217297764,0.2707017978466431,0.1211412576098056,0.11769508584965557,0.1495605402368375,0.308712679339582,0.7479114582112512,2,3,6
16,0.2945907767672218,0.1567406373028173,-0.34691400720785937,-0.01601852743368124,-0.06288036983136767,-0.2742023655054008,-0.028244788705842738,0.05658594345263185,0.2113219956740331,-0.08483073215847459,0.33078830895803263,0.9578904004340826,2,3,6
17,0.2597152651066814,0.3021943556253708,0.02365255732400957,0.0018563588321883742,0.058588951098656035,-0.36033303811918477,0.6975572185265324,0.6789630293827071,0.4189219892178408,0.018594189143825268,1.0392960675018919,1.3980940565749227,2,3,6
18,0.16149775546699904,0.46691137776434954,0.8493984738624326,0.0640490104219818,0.06229100087894062,-0.14634326292703426,-0.21851397690031885,-0.44508658381583555,0.20863426380597488,0.2265726069155167,-0.2987433208888013,0.9783360406081447,2,3,6
19,0.10480409012222616,0.15810864975061933,0.4415115757825772,0.007316038063627681,0.29561746916169007,0.19626886548284556,0.45335219093907075,0.3509240972221048,0.09934860367884452,0.10242809371696593,0.15465523173925927,0.6693177681006491,2,3,6
20,0.22496526460887345,0.3927744562986788,-0.09539508981651026,-0.008429168278810935,0.17889482230649917,-0.15821417094502288,0.2443602328298879,0.05051206812829645,0.33710899325152205,0.19384816470159144,0.20872623907331933,1.2768955648510327,2,3,6
21,0.18402778272077072,0.26925083374714703,-0.10671703907814102,-0.005287790220437412,0.20931389986460452,0.02256890000926521,-0.23111968815502518,-0.11766610062081644,0.18674499985533932,-0.11345358753420874,-0.14023500063008165,0.9470648632290578,2,3,6
22,0.09373394343928447,0.3054715330623291,0.37207200869384705,0.010653556950316164,-0.06946281889967029,-0.1320197593020943,-0.32298646774354534,-0.38275994792028306,0.06255694040242402,0.059773480176737726,-0.25074018861818875,0.5403869636827764,2,3,6
23,0.16653725077618825,0.2355584593670894,-0.7795417290270146,-0.030580843781320217,-0.024105598832839404,-0.14915363443208962,0.0036675796842220365,0.07093821274624798,0.1250480355992502,-0.06727063306202595,0.2200918471783376,0.7506086086204705,2,3,6
24,0.2940340911173125,0.2102866878226014,0.1514541473541216,0.009364630316074148,0.0427464820272185,-0.27906938446853796,0.325782895085742,-0.018419276539501886,0.32181586649575644,0.34420217162524386,0.2606501079290361,1.2179633079529808,2,3,6
25,0.12912598572027295,0.30765611299541656,0.89223968552258,0.03544546961990295,-0.07611338913555166,-0.2172170554332242,-0.3033669197892963,-0.46810281928236597,0.14110366629767254,0.16473589949306966,-0.25088576384914174,0.7988474068944368,2,3,6
26,0.2746159602761476,0.17250160625390773,-0.1686253170769394,-0.007988066963478372,-0.10205987039165006,-0.24416938926155782,-0.24158597064913587,-0.2248523712118351,0.14210951886990775,-0.016733599437300767,0.019317018049722717,0.7837670440866739,2,3,6
27,0.21046121213367677,0.30271635628541643,0.09132231685898062,0.005818149489776144,0.15644853417789123,-0.1864612434260235,-0.14281770990070375,-0.06541866902383517,0.3429097776039147,-0.07739904087686858,0.12104257440218832,1.251933660743761,2,3,6
28,0.27318578264595517,0.07399618185276026,-0.060391035575617064,-0.0012207869598833561,-0.25822041747255886,-0.4085827823839955,0.23363334803325503,0.1921470853728386,0.15036236491143662,0.04148626266041644,0.600729867756834,0.8174414387809424,2,3,6
29,0.19590841842430207,0.27178367618098015,0.41095579810761756,0.021881222356410965,-0.07955759499384114,-0.19929726152730737,0.12555709447027605,0.013151462356268143,0.11973966653346622,0.1124056321140079,0.2124487238835755,0.750341340081826,2,3,6
30,0.35655600315383856,0.38808129644634815,0.11070085939160516,0.015317978573085934,-0.18792482241541666,-0.3891057702564447,0.10140191751657407,0.02211446718056451,0.20118094784102805,0.07928745033600956,0.41122023743700925,0.8948105352069393,2,3,6
31,0.19224827802268268,0.17008497445174983,-0.5042836299515365,-0.016489340188059674,0.12424982407625265,-0.14253938504948063,-0.4037027324688154,-0.3165551621675414,0.2667892091257333,-0.08714757030127396,-0.1740157771180608,1.0963821214322569,2,3,6
32,0.12055766902880624,0.15671278610003733,-0.28113074324914955,-0.005311382946802461,-0.21159366491868636,-0.23096587934928853,-0.10305945716365705,-0.0926956420365548,0.019372214430602164,-0.010363815127102258,0.13827023731273375,0.28436900682490296,2,3,6
33,0.19340137737607527,0.3665348135871756,-0.2810783062971143,-0.01992517392617803,0.22399170099361607,0.09444955331290444,-0.011887007316143231,-0.01798049452485323,0.12954214768071162,0.006093487208709999,-0.11243004783775767,0.7848153004706483,2,3,6
34,0.21203002146054775,0.36332581809656134,0.6754780663713016,0.052036115492425095,0.18370031044919743,-0.06921473102290743,0.3360523412526092,0.048648817867167696,0.25291504147210486,0.2874035233854415,0.11786354889007512,1.1037149599732117,2,3,6
35,0.13919414417816453,0.3688411064621269,-0.8140496098683606,-0.04179373202804806,0.24419591392633472,0.13023853341532307,0.01878579338490058,0.15837441481971826,0.11395738051101165,-0.13958862143481768,0.028135881404395185,0.723440596990405,2,3,6
36,0.22257203761733405,0.18805701437216862,-0.049056276790752903,-0.0020533109454345727,-0.12998641664706717,-0.21579741060536642,0.18093465009235904,0.14571623708044573,0.08581099395829925,0.03521841301191331,0.3615136476858122,0.6050301717114905,2,3,6
37,0.2563263542689937,0.16796036694562885,0.09879121746191499,0.004253225538159572,0.040888385538572616,-0.12877561539494548,-0.4168640578628302,-0.36696087231195734,0.16966400093351808,-0.049903185550872864,-0.23818525691701187,0.8838579271514634,2,3,6
38,0.2468244042050111,0.14622672986582433,-0.02224529500928516,-0.0008028844278287862,-0.1166018342625946,-0.2168972470296247,-0.6122400246819344,-0.605023032643612,0.1002954127670301,-0.0072169920383223785,-0.3881257856139873,0.6477489883570441,2,3,6
39,0.2302897921404271,0.31517911533878173,-0.016939808276527583,-0.0012295341925395618,0.12460358775593383,-0.16545179467842686,0.3048651368300714,0.25642997155995806,0.2900553824343607,0.04843516527011332,0.4218817662383849,1.181399326374725,2,3,6
40,0.17264882001877774,0.47318586022081727,-0.23520322054236878,-0.01921492249615227,-0.38577701128084385,-0.43071849387620353,0.19114204227341425,0.22832955667437094,0.04494148259535968,-0.03718751440095669,0.6590480505505745,0.4368875370795459,2,3,6
41,0.1360672499842887,0.23444760767322237,-0.6133862171133079,-0.019567413654606815,-0.3410371838695895,-0.38987783437744183,-0.26019260353641555,-0.17282994932567666,0.04884065050785236,-0.08736265421073888,0.21704788505176517,0.48638425935181334,2,3,6
42,0.16955185689006808,0.22605274154843036,-0.8293030000967693,-0.031785245153476374,-0.1311285801381574,-0.27373249067701483,-0.424143549070702,-0.2945191550952626,0.14260391053885743,-0.1296243939754394,-0.02078666441824778,0.8153332149663152,2,3,6
43,0.12384460756553109,0.40605051712287005,-0.6901225179257214,-0.03470430627133982,0.12173588315395276,0.05314715276147822,-0.4864392434453223,-0.30420363186356886,0.06858873039247454,-0.18223561158175344,-0.3573507846250471,0.5729874821492316,2,3,6
44,0.2746361286930171,0.18843013100320855,-0.4739449436441473,-0.024526518938422184,0.09569144503575204,-0.18443038228279474,-0.1859388654353598,-0.09649856368632297,0.2801218273185468,-0.08944030174903685,0.08793181859647177,1.1370734514827205,2,3,6
45,0.2430244054010021,0.3077815835633334,-0.45992523974639726,-0.03440168876580487,0.07715972801276122,-0.19641876903522854,0.6244776378137901,0.3169361487108045,0.27357849704798975,0.30754148910298557,0.513354917746033,1.144030541237231,2,3,6
46,0.3179192251372421,0.08249622171076024,0.06557563015765201,0.0017198608971847587,0.17500478628101349,-0.11572464444989414,0.4916126975198133,0.3219062564354167,0.2907294307309076,0.1697064410843966,0.43763090088531087,1.1572757594890697,2,3,6
47,0.20142988735469322,0.2418404383543382,0.5585565412407341,0.02720946316861925,0.34726801104417776,0.1316122926930442,-0.17303392423507358,-0.26662370685981857,0.21565571835113356,0.09358978262474499,-0.39823599955286276,0.9818228160598146,2,3,6
48,0.14047858788547188,0.4582961774622398,0.6692881582192897,0.04308930695174345,0.031716839271295566,-0.21833669610580678,-0.06385421738125616,-0.36774832286887715,0.25005353537710234,0.30389410548762097,-0.14941162676307038,1.0603777910525685,2,3,6
49,0.15937898731764202,0.3775549240379619,0.13738163547175342,0.008266846694198466,0.03316990402859542,-0.08295025723031496,-0.13296948834224556,-0.08610068470435063,0.11612016125891038,-0.04686880363789493,-0.003150427474035669,0.7162503144366488,2,3,6
